Date,AAPL,JPM,MSFT,NVDA
2021-12-01,161.2336883544922,141.51467895507812,318.65240478515625,31.372528076171875
2021-12-02,160.24533081054688,144.49034118652344,318.0829162597656,32.06215286254883
2021-12-03,158.3665771484375,141.8731689453125,311.8272399902344,30.632001876831055
2021-12-06,161.77188110351562,143.54920959472656,314.8970947265625,29.977304458618164
2021-12-07,167.50608825683594,145.70928955078125,323.32489013671875,32.36255645751953
2021-12-08,171.32240295410156,144.0421600341797,323.3731689453125,31.76274871826172
2021-12-09,170.8135223388672,143.8181610107422,321.5679626464844,30.429407119750977
2021-12-10,175.5985870361328,143.2445068359375,330.6810607910156,30.137983322143555
2021-12-13,171.96823120117188,141.5415496826172,327.6497497558594,28.105031967163086
2021-12-14,170.58848571777344,142.62606811523438,316.9726867675781,28.280681610107422
2021-12-15,175.45184326171875,141.5594482421875,323.06414794921875,30.39847183227539
2021-12-16,168.56292724609375,143.7732696533203,313.6517639160156,28.330585479736328
2021-12-17,167.4669647216797,140.5018310546875,312.5898742675781,27.745750427246094
2021-12-20,166.10679626464844,137.97433471679688,308.83453369140625,27.663911819458008
2021-12-21,169.2772674560547,139.90130615234375,315.9590759277344,29.017221450805664
2021-12-22,171.87037658691406,140.4480743408203,321.6644592285156,29.341569900512695
2021-12-23,172.4966278076172,140.95001220703125,323.1029052734375,29.581092834472656
2021-12-27,176.45968627929688,141.75665283203125,330.59417724609375,30.883499145507812
2021-12-28,175.44203186035156,142.1868896484375,329.43572998046875,30.261743545532227
2021-12-29,175.5301055908203,142.11517333984375,330.11151123046875,29.941375732421875
2021-12-30,174.3754119873047,142.04344177246094,327.5725402832031,29.52720069885254
2021-12-31,173.7589569091797,141.92694091796875,324.6763916015625,29.352550506591797
2022-01-03,178.10365295410156,144.9295196533203,323.1607360839844,30.061138153076172
2022-01-04,175.84323120117188,150.42376708984375,317.6194763183594,29.231788635253906
2022-01-05,171.16586303710938,147.67369079589844,305.4267578125,27.54913902282715
2022-01-06,168.3085174560547,149.24258422851562,303.0133361816406,28.121997833251953
2022-01-07,168.47488403320312,150.72129821777344,303.1677551269531,27.19285011291504
2022-01-10,168.49440002441406,150.8655548095703,303.3897705078125,27.34554672241211
2022-01-11,171.32240295410156,151.0188446044922,304.0751953125,27.76171875
2022-01-12,171.7627410888672,151.8754119873047,307.2513122558594,27.943355560302734
2022-01-13,168.49440002441406,151.68606567382812,294.2476806640625,26.522186279296875
2022-01-14,169.3555450439453,142.3629608154297,299.4606628417969,26.888458251953125
2022-01-18,166.15573120117188,136.39395141601562,292.172119140625,25.851524353027344
2022-01-19,162.662353515625,134.28404235839844,292.82855224609375,25.017183303833008
2022-01-20,160.97926330566406,133.1389617919922,291.158447265625,24.102005004882812
2022-01-21,158.92433166503906,130.8126678466797,285.7812805175781,23.327550888061523
2022-01-24,158.15127563476562,130.69544982910156,286.10955810546875,23.325551986694336
2022-01-25,156.3507843017578,132.12010192871094,278.5022888183594,22.27963638305664
2022-01-26,156.26266479492188,133.37338256835938,286.4378356933594,22.726741790771484
2022-01-27,155.8028106689453,131.0200653076172,289.4593505859375,21.9003849029541
2022-01-28,166.67434692382812,132.19219970703125,297.58795166015625,22.794612884521484
2022-01-31,171.02883911132812,133.98651123046875,300.21368408203125,24.437339782714844
2022-02-01,170.8624725341797,136.2857208251953,298.0705261230469,24.589035034179688
2022-02-02,172.06610107421875,135.19471740722656,302.60784912109375,25.19183349609375
2022-02-03,169.18919372558594,134.07664489746094,290.8206481933594,23.900405883789062
2022-02-04,168.9050750732422,137.55706787109375,295.34820556640625,24.27066993713379
2022-02-07,168.18980407714844,138.01693725585938,290.5309753417969,24.678855895996094
2022-02-08,171.2957000732422,140.6136932373047,294.0159912109375,25.058101654052734
2022-02-09,172.7163848876953,141.19979858398438,300.435791015625,26.651926040649414
2022-02-10,168.6405029296875,140.6136932373047,291.91143798828125,25.772672653198242
2022-02-11,165.23086547851562,138.7833251953125,284.8255920410156,23.901405334472656
2022-02-14,165.4660186767578,137.4939727783203,284.7869567871094,24.218772888183594
2022-02-15,169.29698181152344,139.50466918945312,290.0675964355469,26.442346572875977
2022-02-16,169.06185913085938,139.75714111328125,289.7290344238281,26.458311080932617
2022-02-17,165.4660186767578,136.53819274902344,281.24505615234375,24.458295822143555
2022-02-18,163.91793823242188,137.1783905029297,278.53643798828125,23.595014572143555
2022-02-22,160.99818420410156,136.93490600585938,278.33331298828125,23.34351348876953
2022-02-23,156.8341064453125,134.06764221191406,271.1263732910156,22.342504501342773
2022-02-24,159.45016479492188,130.33477783203125,284.9791564941406,23.700801849365234
2022-02-25,161.5175018310547,133.41847229003906,287.61041259765625,24.108989715576172
2022-02-28,161.78201293945312,127.8552017211914,289.042236328125,24.336536407470703
2022-03-01,159.90084838867188,123.0313720703125,285.3274230957031,23.430339813232422
2022-03-02,163.19290161132812,125.5830307006836,290.3965148925781,24.175981521606445
2022-03-03,162.86961364746094,124.6904067993164,286.26580810546875,23.670902252197266
2022-03-04,159.87144470214844,121.18295288085938,280.4034729003906,22.894317626953125
2022-03-07,156.07969665527344,116.50334930419922,269.81072998046875,21.313196182250977
2022-03-08,154.2572784423828,115.68282318115234,266.8505554199219,21.47490119934082
2022-03-09,159.65589904785156,120.31735229492188,279.087890625,22.97217559814453
2022-03-10,155.3154296875,118.89273071289062,276.2727966308594,22.6168270111084
2022-03-11,151.60206604003906,116.21481323242188,270.9329528808594,22.059837341308594
2022-03-14,147.5751495361328,117.36893463134766,267.42132568359375,21.291234970092773
2022-03-15,151.95480346679688,119.45175170898438,277.7818908691406,22.931249618530273
2022-03-16,156.3638153076172,124.78955841064453,284.7857360839844,24.45148277282715
2022-03-17,157.3729705810547,126.36747741699219,285.588623046875,24.720991134643555
2022-03-18,160.6650848388672,126.32242584228516,290.6286315917969,26.40492057800293
2022-03-21,162.03677368164062,125.91666412353516,289.400146484375,26.685415267944336
2022-03-22,165.4072265625,128.59458923339844,294.1402587890625,26.475797653198242
2022-03-23,166.76913452148438,126.03386688232422,289.7192687988281,25.58741569519043
2022-03-24,170.5510711669922,126.8543930053711,294.1789855957031,28.09884262084961
2022-03-25,171.18795776367188,127.96340942382812,293.7725524902344,27.641674041748047
2022-03-28,172.0501708984375,127.01669311523438,300.5636291503906,28.167715072631836
2022-03-29,175.3422393798828,127.29620361328125,305.1199951171875,28.603923797607422
2022-03-30,174.17628479003906,126.71912384033203,303.6205139160156,27.63967514038086
2022-03-31,171.0801544189453,122.91413879394531,298.25152587890625,27.23641586303711
2022-04-01,170.78628540039062,122.00343322753906,299.3254089355469,26.663454055786133
2022-04-04,174.832763671875,122.54446411132812,304.6943054199219,27.310277938842773
2022-04-05,171.52110290527344,121.11837768554688,300.73779296875,25.88387107849121
2022-04-06,168.3563995361328,119.43792724609375,289.7290344238281,24.362642288208008
2022-04-07,168.6601104736328,119.0745849609375,291.53802490234375,24.164011001586914
2022-04-08,166.6515350341797,121.25462341308594,287.28155517578125,23.076988220214844
2022-04-11,162.39926147460938,120.80953216552734,275.9535827636719,21.87717056274414
2022-04-12,164.2706756591797,119.48333740234375,272.8580017089844,21.46491813659668
2022-04-13,166.9552764892578,115.63198852539062,278.2366027832031,22.162647247314453
2022-04-14,161.94854736328125,114.56014251708984,270.70074462890625,21.21936798095703
2022-04-18,161.73301696777344,116.68565368652344,271.3681945800781,21.743408203125
2022-04-19,164.0159454345703,119.10183715820312,275.99224853515625,22.157657623291016
2022-04-20,163.84934997558594,119.51969146728516,277.0176696777344,21.442956924438477
2022-04-21,163.0557403564453,118.59317779541016,271.6487121582031,20.146320343017578
2022-04-22,158.51931762695312,115.1868896484375,265.0899353027344,19.47953224182129
2022-04-25,159.58729553222656,115.15055084228516,271.56170654296875,19.865833282470703
2022-04-26,153.63023376464844,111.7442626953125,261.404296875,18.753856658935547
2022-04-27,153.40487670898438,110.29090881347656,273.98016357421875,18.38153648376465
2022-04-28,160.3319549560547,112.03492736816406,280.1810302734375,19.746051788330078
2022-04-29,154.46304321289062,108.41973114013672,268.4660949707031,18.51329231262207
2022-05-02,154.76678466796875,109.40982818603516,275.1893005371094,19.49750328063965
2022-05-03,156.2560577392578,111.75335693359375,272.5871276855469,19.566375732421875
2022-05-04,162.66383361816406,115.45030975341797,280.51959228515625,20.297042846679688
2022-05-05,153.600830078125,112.56177520751953,268.3016662597656,18.80975341796875
2022-05-06,154.32687377929688,112.38011932373047,265.7671203613281,18.641061782836914
2022-05-09,149.2049560546875,110.69060516357422,255.94825744628906,16.919193267822266
2022-05-10,151.6089630126953,107.9928207397461,260.70770263671875,17.56302261352539
2022-05-11,143.7493438720703,107.31153869628906,252.04969787597656,16.599777221679688
2022-05-12,139.88331604003906,107.2207260131836,247.01934814453125,16.145605087280273
2022-05-13,144.34786987304688,108.17447662353516,252.60105895996094,17.6738224029541
2022-05-16,142.80734252929688,107.4205551147461,252.96868896484375,17.232624053955078
2022-05-17,146.43789672851562,110.98126983642578,258.115234375,18.143964767456055
2022-05-18,138.1759796142578,109.08281707763672,246.36328125,16.907217025756836
2022-05-19,134.77114868164062,107.46598815917969,245.45181274414062,17.09288215637207
2022-05-20,135.00660705566406,106.58487701416016,244.88943481445312,16.66366195678711
2022-05-23,140.4229736328125,113.17945098876953,252.7337188720703,16.867292404174805
2022-05-24,137.724609375,114.77812957763672,251.73504638671875,16.12464141845703
2022-05-25,137.88162231445312,115.57746887207031,254.5469512939453,16.944149017333984
2022-05-26,141.08038330078125,117.57581329345703,257.82427978515625,17.818559646606445
2022-05-27,146.83035278320312,119.23809814453125,264.9413757324219,18.77681541442871
2022-05-31,146.04542541503906,120.11009979248047,263.6129455566406,18.63806915283203
2022-06-01,145.91783142089844,118.00274658203125,264.14630126953125,18.28670310974121
2022-06-02,148.3709259033203,119.90118408203125,266.2406921386719,19.556392669677734
2022-06-03,142.6503448486328,118.22984313964844,261.8191223144531,18.68598175048828
2022-06-06,143.3960723876953,117.8392333984375,260.58770751953125,18.751859664916992
2022-06-07,145.91783142089844,118.14807891845703,264.22381591796875,18.89160919189453
2022-06-08,145.1819610595703,116.267822265625,262.1973571777344,18.618043899536133
2022-06-09,139.96177673339844,113.82437133789062,256.748046875,18.019010543823242
2022-06-10,134.55526733398438,108.59233093261719,245.30638122558594,16.946735382080078
2022-06-13,129.40382385253906,105.3586196899414,234.9022216796875,15.621865272521973
2022-06-14,130.2672882080078,103.60551452636719,237.0645294189453,15.810563087463379
2022-06-15,132.88720703125,104.83179473876953,244.11373901367188,16.500452041625977
2022-06-16,127.61799621582031,103.03326416015625,237.5299530029297,15.57594108581543
2022-06-17,129.08982849121094,102.669921875,240.1285400390625,15.854491233825684
2022-06-21,133.31890869140625,105.21330261230469,246.03359985351562,16.53938865661621
2022-06-22,132.80870056152344,104.62286376953125,245.442138671875,16.333723068237305
2022-06-23,135.673828125,103.47834777832031,250.99806213378906,16.198938369750977
2022-06-24,139.00018310546875,106.56671142578125,259.56964111328125,17.098487854003906
2022-06-27,139.00018310546875,105.71288299560547,256.8449401855469,16.841901779174805
2022-06-28,134.8594207763672,105.2042007446289,248.6903839111328,15.956327438354492
2022-06-29,136.61582946777344,104.73186492919922,252.35562133789062,15.517033576965332
2022-06-30,134.1529541015625,102.28842163085938,249.0297393798828,15.134650230407715
2022-07-01,136.3214569091797,103.596435546875,251.69618225097656,14.499672889709473
2022-07-05,138.90208435058594,103.202392578125,254.86688232421875,14.939963340759277
2022-07-06,140.23654174804688,102.53343200683594,258.1247863769531,15.105695724487305
2022-07-07,143.60215759277344,105.12679290771484,260.24835205078125,15.832526206970215
2022-07-08,144.27915954589844,104.79690551757812,259.5308837890625,15.812560081481934
2022-07-11,142.1499481201172,103.42232513427734,256.47650146484375,15.127659797668457
2022-07-12,143.121337890625,103.52310943603516,245.9657440185547,15.057774543762207
2022-07-13,142.75830078125,102.55177307128906,245.04458618164062,15.139640808105469
2022-07-14,145.6823272705078,98.9687271118164,246.36328125,15.347305297851562
2022-07-15,147.35043334960938,103.50479125976562,248.92306518554688,15.736681938171387
2022-07-18,144.30865478515625,102.44180297851562,246.52810668945312,16.075136184692383
2022-07-19,148.1648406982422,104.98015594482422,251.6477508544922,16.964706420898438
2022-07-20,150.16653442382812,104.96183776855469,254.3044891357422,17.778400421142578
2022-07-21,152.43316650390625,105.67660522460938,256.7964782714844,18.021005630493164
2022-07-22,151.1968231201172,105.16344451904297,252.45254516601562,17.291179656982422
2022-07-25,150.0782470703125,105.5849838256836,250.968994140625,16.996654510498047
2022-07-26,148.75355529785156,103.93549346923828,244.24945068359375,16.50644302368164
2022-07-27,153.84613037109375,105.6032943725586,260.5780334472656,17.76142120361328
2022-07-28,154.3955841064453,105.20926666259766,268.01513671875,17.95511245727539
2022-07-29,159.45870971679688,105.71326446533203,272.2135009765625,18.133825302124023
2022-08-01,158.47750854492188,104.65943908691406,269.56646728515625,18.411376953125
2022-08-02,157.00567626953125,103.02827453613281,266.473388671875,18.496240615844727
2022-08-03,163.01075744628906,104.10960388183594,273.89105224609375,18.86264991760254
2022-08-04,162.69674682617188,102.96412658691406,275.0351867675781,19.184133529663086
2022-08-05,162.4707794189453,106.07981872558594,274.317626953125,18.958499908447266
2022-08-08,161.99913024902344,104.7877197265625,271.806396484375,17.764413833618164
2022-08-09,162.04827880859375,105.7315902709961,273.7261657714844,17.058555603027344
2022-08-10,166.2930450439453,108.48988342285156,280.3778991699219,18.067934036254883
2022-08-11,165.5560760498047,110.09354400634766,278.30279541015625,17.913179397583008
2022-08-12,169.103271484375,111.9171371459961,283.0443115234375,18.678945541381836
2022-08-15,170.1742401123047,112.21954345703125,284.5569152832031,19.001432418823242
2022-08-16,170.0170440673828,113.29169464111328,283.820068359375,18.84867286682129
2022-08-17,171.5105438232422,112.33867645263672,283.07177734375,18.3055477142334
2022-08-18,171.11753845214844,111.4681167602539,281.95440673828125,18.742843627929688
2022-08-19,168.53330993652344,108.7098159790039,278.0481872558594,17.82033348083496
2022-08-22,164.65211486816406,106.91373443603516,269.8860168457031,17.00663948059082
2022-08-23,164.31805419921875,105.8598861694336,268.6131591796875,17.153400421142578
2022-08-24,164.61279296875,106.1164779663086,267.9815368652344,17.194332122802734
2022-08-25,167.06927490234375,108.63651275634766,270.9549255371094,17.88422966003418
2022-08-26,160.77085876464844,105.08097076416016,260.49951171875,16.23387908935547
2022-08-29,158.56988525390625,104.82437896728516,257.7204895019531,15.775616645812988
2022-08-30,156.14291381835938,104.84271240234375,255.52447509765625,15.443153381347656
2022-08-31,154.48236083984375,104.21956634521484,254.0669403076172,15.069756507873535
2022-09-01,155.20944213867188,104.9343490600586,253.0272216796875,13.914612770080566
2022-09-02,153.09690856933594,104.20124053955078,248.81016540527344,13.625078201293945
2022-09-06,151.8391571044922,104.22872924804688,246.07968139648438,13.443370819091797
2022-09-07,153.24427795410156,106.20811462402344,250.78265380859375,13.696037292480469
2022-09-08,151.7703857421875,108.68232727050781,251.20050048828125,13.971677780151367
2022-09-09,154.62969970703125,109.20466613769531,256.9723205566406,14.368159294128418
2022-09-12,160.58419799804688,110.49676513671875,259.1003112792969,14.486002922058105
2022-09-13,151.16122436523438,106.65715026855469,244.85537719726562,13.113801956176758
2022-09-14,152.6055908203125,106.40971374511719,245.078857421875,13.110809326171875
2022-09-15,149.716796875,108.01338195800781,238.43251037597656,12.912067413330078
2022-09-16,148.07583618164062,107.28944396972656,237.81063842773438,13.180715560913086
2022-09-19,151.79005432128906,108.27912902832031,237.5968780517578,13.36447525024414
2022-09-20,154.16790771484375,106.14397430419922,235.58547973632812,13.158743858337402
2022-09-21,151.04330444335938,103.08326721191406,232.1846160888672,13.243633270263672
2022-09-22,150.08033752441406,101.9103012084961,234.15708923339844,12.544550895690918
2022-09-23,147.81056213378906,100.0134048461914,231.18374633789062,12.499608993530273
2022-09-26,148.14463806152344,97.85990905761719,230.72705078125,12.21198558807373
2022-09-27,149.11740112304688,96.99852752685547,229.7164764404297,12.39674186706543
2022-09-28,147.23085021972656,98.9595718383789,234.24456787109375,12.719319343566895
2022-09-29,139.99899291992188,97.28260040283203,230.77560424804688,12.203996658325195
2022-09-30,135.7935333251953,95.76142120361328,226.30587768554688,12.123104095458984
2022-10-03,139.9695281982422,98.72132110595703,233.9239044189453,12.495612144470215
2022-10-04,143.5559539794922,103.33984375,241.8334503173828,13.14975643157959
2022-10-05,143.85072326660156,102.06392669677734,242.1443634033203,13.19170093536377
2022-10-06,142.89764404296875,99.983642578125,239.8026123046875,13.11280345916748
2022-10-07,137.65060424804688,97.986572265625,227.60794067382812,12.060185432434082
2022-10-10,137.97488403320312,97.07122802734375,222.75921630859375,11.654718399047852
2022-10-11,136.55992126464844,94.26976013183594,219.0279541015625,11.570826530456543
2022-10-12,135.93112182617188,95.79529571533203,219.3583221435547,11.484936714172363
2022-10-13,140.5001220703125,101.1208724975586,227.60794067382812,11.944336891174316
2022-10-14,135.9703826904297,102.80360412597656,222.08872985839844,11.212296485900879
2022-10-17,139.93020629882812,107.12137603759766,230.80477905273438,11.872429847717285
2022-10-18,141.24685668945312,109.87660217285156,231.747314453125,11.951326370239258
2022-10-19,141.35498046875,107.72233581542969,229.78451538085938,12.0352144241333
2022-10-20,140.89317321777344,107.3709945678711,229.46383666992188,12.178030014038086
2022-10-21,144.70556640625,113.01092529296875,235.2648162841797,12.449671745300293
2022-10-24,146.8476104736328,113.14961242675781,240.2495880126953,12.582498550415039
2022-10-25,149.68731689453125,113.44546508789062,243.5630645751953,13.243633270263672
2022-10-26,146.74935913085938,114.7491226196289,224.7705841064453,12.879112243652344
2022-10-27,142.27862548828125,115.20216369628906,220.32998657226562,13.158743858337402
2022-10-28,153.0281219482422,116.57054901123047,229.1917724609375,13.815882682800293
2022-10-31,150.66990661621094,116.38561248779297,225.55767822265625,13.479323387145996
2022-11-01,148.0267333984375,118.4843978881836,221.7097930908203,13.52526569366455
2022-11-02,142.5045928955078,117.39340209960938,213.86830139160156,13.201688766479492
2022-11-03,136.46168518066406,117.6060562133789,208.18394470214844,13.403422355651855
2022-11-04,136.19593811035156,120.82357025146484,215.12176513671875,14.137460708618164
2022-11-07,136.72740173339844,121.46151733398438,221.41827392578125,14.282271385192871
2022-11-08,137.29827880859375,121.53550720214844,222.38995361328125,14.582878112792969
2022-11-09,132.74134826660156,119.95448303222656,218.1534423828125,13.75795841217041
2022-11-10,144.5519256591797,124.89173889160156,236.1004638671875,15.72937297821045
2022-11-11,147.3372802734375,125.09510803222656,240.113525390625,16.30561637878418
2022-11-14,145.93971252441406,123.80997467041016,234.71096801757812,16.273658752441406
2022-11-15,147.67190551757812,122.91314697265625,235.11907958984375,16.64417266845703
2022-11-16,146.44163513183594,123.07955169677734,235.5478057861328,15.88916301727295
2022-11-17,148.3411865234375,122.54328155517578,235.49908447265625,15.656466484069824
2022-11-18,148.90219116210938,123.74524688720703,235.05084228515625,15.388821601867676
2022-11-21,145.6739501953125,123.01483154296875,235.859619140625,15.296940803527832
2022-11-22,147.80972290039062,124.85472869873047,238.763427734375,16.016996383666992
2022-11-23,148.68569946289062,126.18612670898438,241.24818420410156,16.497364044189453
2022-11-25,145.7723846435547,126.42652893066406,241.16050720214844,16.24869155883789
2022-11-28,141.94375610351562,124.216796875,235.57704162597656,15.806275367736816
2022-11-29,138.94190979003906,126.2601089477539,234.18360900878906,15.61851978302002
2022-11-30,145.69363403320312,127.75788879394531,248.6148681640625,16.905162811279297
2022-12-01,145.96923828125,125.96424102783203,248.17637634277344,17.116939544677734
2022-12-02,145.4771270751953,124.96569061279297,248.49790954589844,16.85820770263672
2022-12-05,144.31573486328125,121.46151733398438,243.8011932373047,16.592491149902344
2022-12-06,140.65447998046875,121.66495513916016,238.8511199951172,15.970149993896484
2022-12-07,138.71554565429688,121.58172607421875,238.1203155517578,16.103008270263672
2022-12-08,140.3985595703125,122.8576889038086,241.07278442382812,17.150903701782227
2022-12-09,139.9163055419922,122.19196319580078,239.14344787597656,16.983078002929688
2022-12-12,142.20953369140625,124.08735656738281,246.0521240234375,17.516517639160156
2022-12-13,143.174072265625,123.9671401977539,250.34934997558594,18.052947998046875
2022-12-14,140.94973754882812,123.34768676757812,250.64170837402344,17.65537452697754
2022-12-15,134.34559631347656,120.28734588623047,242.6416473388672,16.93412971496582
2022-12-16,132.38702392578125,119.53842163085938,238.43214416503906,16.553529739379883
2022-12-19,130.28079223632812,120.25035858154297,234.30055236816406,16.236865997314453
2022-12-20,130.21192932128906,120.83282470703125,235.6160430908203,16.068044662475586
2022-12-21,133.3122100830078,122.19196319580078,238.17877197265625,16.483604431152344
2022-12-22,130.1430206298828,120.80511474609375,232.0983428955078,15.322831153869629
2022-12-23,129.7788543701172,121.37833404541016,232.62454223632812,15.189970016479492
2022-12-27,127.97771453857422,121.80366516113281,230.89981079101562,14.106114387512207
2022-12-28,124.05070495605469,122.4693374633789,228.53195190429688,14.02120590209961
2022-12-29,127.56438446044922,123.17202758789062,234.8462371826172,14.587606430053711
2022-12-30,127.87933349609375,123.98564147949219,233.6866455078125,14.59859561920166
2023-01-03,123.09602355957031,124.92868041992188,233.4528350830078,14.299910545349121
2023-01-04,124.36566925048828,126.09368896484375,223.24082946777344,14.733452796936035
2023-01-05,123.04682159423828,126.06571197509766,216.62445068359375,14.24996280670166
2023-01-06,127.57421875,128.47808837890625,219.17745971679688,14.843337059020996
2023-01-09,128.09585571289062,127.94713592529297,221.3114471435547,15.611525535583496
2023-01-10,128.66668701171875,129.0928192138672,222.99725341796875,15.892229080200195
2023-01-11,131.3831329345703,130.05213928222656,229.74021911621094,15.984130859375
2023-01-12,131.30438232421875,129.92173767089844,232.41017150878906,16.49359703063965
2023-01-13,132.633056640625,133.20025634765625,233.1117401123047,16.881187438964844
2023-01-17,133.79446411132812,131.14186096191406,234.203125,17.683340072631836
2023-01-18,133.07598876953125,127.20203399658203,229.77919006347656,17.35868263244629
2023-01-19,133.13504028320312,125.50686645507812,225.9984130859375,16.747323989868164
2023-01-20,135.69400024414062,125.81425476074219,234.07643127441406,17.82019805908203
2023-01-23,138.8828582763672,127.85404968261719,236.37608337402344,19.172767639160156
2023-01-24,140.2804412841797,128.95309448242188,235.84988403320312,19.24468994140625
2023-01-25,139.62103271484375,129.57711791992188,234.4564666748047,19.30263328552246
2023-01-26,141.68788146972656,130.3781280517578,241.6574249267578,19.781126022338867
2023-01-27,143.62680053710938,130.69482421875,241.81338500976562,20.343530654907227
2023-01-30,140.7430419921875,129.58645629882812,236.50274658203125,19.141801834106445
2023-01-31,142.0126495361328,130.3594970703125,241.47232055664062,19.516407012939453
2023-02-01,143.13467407226562,130.01487731933594,246.28594970703125,20.92092514038086
2023-02-02,148.4396209716797,129.4094696044922,257.8329162597656,21.68611717224121
2023-02-03,152.06153869628906,131.4119873046875,251.74281311035156,21.0777587890625
2023-02-06,149.33526611328125,132.18507385253906,250.20314025878906,21.066770553588867
2023-02-07,152.2091522216797,133.79640197753906,260.7172546386719,22.149627685546875
2023-02-08,149.52223205566406,132.8556671142578,259.90838623046875,22.181591033935547
2023-02-09,148.4888153076172,130.78793334960938,256.8779602050781,22.31345558166504
2023-02-10,148.85353088378906,131.36541748046875,256.37127685546875,21.242586135864258
2023-02-13,151.65298461914062,132.79046630859375,264.3810729980469,21.765031814575195
2023-02-14,151.01226806640625,133.37722778320312,265.2093505859375,22.9467830657959
2023-02-15,153.1118621826172,133.9360809326172,263.08953857421875,22.740001678466797
2023-02-16,151.51499938964844,132.09190368652344,256.0854187011719,21.97880744934082
2023-02-17,150.37156677246094,132.4831085205078,252.0900421142578,21.36545181274414
2023-02-21,146.3596649169922,130.05213928222656,246.82470703125,20.63322639465332
2023-02-22,146.78353881835938,129.05552673339844,245.69154357910156,20.732126235961914
2023-02-23,147.26654052734375,130.08938598632812,248.87615966796875,23.639055252075195
2023-02-24,144.6149444580078,131.262939453125,243.45449829101562,23.26145362854004
2023-02-27,145.8076629638672,132.4085693359375,244.37277221679688,23.47622299194336
2023-02-28,145.304931640625,133.51699829101562,243.64987182617188,23.191526412963867
2023-03-01,143.23495483398438,132.7718505859375,240.57276916503906,22.674072265625
2023-03-02,143.82640075683594,131.39340209960938,245.30079650878906,23.289426803588867
2023-03-03,148.8732452392578,133.80572509765625,249.38409423828125,23.86481475830078
2023-03-06,151.63327026367188,133.02334594726562,250.92755126953125,23.529172897338867
2023-03-07,149.4351348876953,129.11141967773438,248.27044677734375,23.26740264892578
2023-03-08,150.68699645996094,128.34764099121094,247.83087158203125,24.15961265563965
2023-03-09,148.43955993652344,121.39938354492188,246.4827880859375,23.415267944335938
2023-03-10,146.37939453125,124.4823226928711,242.83909606933594,22.944684982299805
2023-03-13,148.3212432861328,122.24696350097656,248.0457763671875,22.945682525634766
2023-03-14,150.4110107421875,125.38581085205078,254.7568359375,24.04171371459961
2023-03-15,150.80526733398438,119.4620590209961,259.29931640625,24.206571578979492
2023-03-16,153.6243896484375,121.78125,269.8103942871094,25.518407821655273
2023-03-17,152.78656005859375,117.18011474609375,272.9656066894531,25.70224952697754
2023-03-20,155.15228271484375,118.41889190673828,265.9321594238281,25.877094268798828
2023-03-21,157.00546264648438,121.59500122070312,267.4463806152344,26.175830841064453
2023-03-22,155.57615661621094,118.4561538696289,265.9908447265625,26.444589614868164
2023-03-23,156.66046142578125,118.13946533203125,271.236572265625,27.16695213317871
2023-03-24,157.96157836914062,116.34185791015625,274.07928466796875,26.755313873291016
2023-03-27,156.0197296142578,119.6762924194336,269.9862060546875,26.507537841796875
2023-03-28,155.398681640625,120.0395278930664,268.8628234863281,26.386642456054688
2023-03-29,158.47415161132812,120.28170776367188,274.0205993652344,26.960132598876953
2023-03-30,160.04144287109375,119.91844177246094,277.47882080078125,27.358779907226562
2023-03-31,162.54519653320312,121.37144470214844,281.6304016113281,27.75243377685547
2023-04-03,163.7970428466797,121.23173522949219,280.5851745605469,27.940263748168945
2023-04-04,163.26475524902344,119.61109924316406,280.5363464355469,27.4287166595459
2023-04-05,161.4214630126953,119.78944396972656,277.76202392578125,26.85722541809082
2023-04-06,162.30860900878906,119.65802001953125,284.8541564941406,27.013084411621094
2023-04-10,159.71617126464844,120.05227661132812,282.69525146484375,27.554611206054688
2023-04-11,158.50375366210938,120.64366912841797,276.2869873046875,27.14497184753418
2023-04-12,157.81373596191406,120.62489318847656,276.9317626953125,26.47156524658203
2023-04-13,163.19577026367188,121.08487701416016,283.134765625,26.439592361450195
2023-04-14,162.85076904296875,130.2279510498047,279.5204772949219,26.734331130981445
2023-04-17,162.87046813964844,131.2605438232422,282.1188659667969,26.978118896484375
2023-04-18,164.09278869628906,132.7343292236328,281.6987609863281,27.642528533935547
2023-04-19,165.2362060546875,132.56536865234375,281.77703857421875,27.90629768371582
2023-04-20,164.2702178955078,132.18045043945312,279.4910888671875,27.080026626586914
2023-04-21,162.66346740722656,131.92701721191406,279.1492004394531,27.095012664794922
2023-04-24,162.9690704345703,132.1053924560547,275.25146484375,27.018081665039062
2023-04-25,161.43130493164062,129.23291015625,269.04840087890625,26.217792510986328
2023-04-26,161.4214630126953,126.94245910644531,288.5368347167969,26.93215560913086
2023-04-27,166.0050506591797,128.65090942382812,297.7779846191406,27.20191764831543
2023-04-28,167.25694274902344,129.76800537109375,300.15185546875,27.72446060180664
2023-05-01,167.16819763183594,132.5465850830078,298.4910888671875,28.88443374633789
2023-05-02,166.13323974609375,130.4063262939453,298.3445739746094,28.185049057006836
2023-05-03,165.05877685546875,127.646484375,297.35797119140625,27.777408599853516
2023-05-04,163.42245483398438,125.90048217773438,298.3445739746094,27.537620544433594
2023-05-05,171.0913848876953,128.35992431640625,303.46337890625,28.654634475708008
2023-05-08,171.0223846435547,128.66969299316406,301.5096435546875,29.125215530395508
2023-05-09,169.3170928955078,128.05014038085938,299.89788818359375,28.545726776123047
2023-05-10,171.08151245117188,128.11582946777344,305.0849914550781,28.859453201293945
2023-05-11,171.26881408691406,127.7121810913086,302.9358825683594,28.55272102355957
2023-05-12,170.34095764160156,125.8817138671875,301.8222351074219,28.314931869506836
2023-05-15,169.84739685058594,126.94245910644531,302.3009338378906,28.927392959594727
2023-05-16,169.84739685058594,126.08824157714844,304.52813720703125,29.187164306640625
2023-05-17,170.4593963623047,129.96510314941406,307.40643310546875,30.151309967041016
2023-05-18,172.78892517089844,130.95077514648438,311.8315124511719,31.649982452392578
2023-05-19,172.8974609375,130.65037536621094,311.65533447265625,31.236345291137695
2023-05-22,171.94989013671875,129.5708465576172,314.4356384277344,31.148427963256836
2023-05-23,169.343994140625,128.2191162109375,308.6399841308594,30.660852432250977
2023-05-24,169.620361328125,127.04568481445312,307.2596130371094,30.5109920501709
2023-05-25,170.75552368164062,127.3554916381836,319.0761413574219,37.946407318115234
2023-05-26,173.1639862060547,128.54766845703125,325.8997497558594,38.911556243896484
2023-05-30,175.00985717773438,129.03578186035156,324.2550354003906,40.07552719116211
2023-05-31,174.9604949951172,127.39302825927734,321.4942626953125,37.800537109375
2023-06-01,177.76380920410156,129.14842224121094,325.5963439941406,39.734825134277344
2023-06-02,178.61268615722656,131.861328125,328.3570861816406,39.29221725463867
2023-06-05,177.26040649414062,130.56590270996094,328.8857727050781,39.1363525390625
2023-06-06,176.89517211914062,130.80055236816406,326.67315673828125,38.61981201171875
2023-06-07,175.5231475830078,132.06781005859375,316.5894470214844,37.44572448730469
2023-06-08,178.23764038085938,132.1053924560547,318.42999267578125,38.479915618896484
2023-06-09,178.62255859375,132.3682098388672,319.92791748046875,38.739723205566406
2023-06-12,181.41603088378906,132.3588409423828,324.881591796875,39.4511604309082
2023-06-13,180.9422149658203,133.31634521484375,327.2704162597656,40.989959716796875
2023-06-14,181.573974609375,132.8188018798828,330.25634765625,42.963417053222656
2023-06-15,183.6073455810547,134.32073974609375,340.7904357910156,42.619686126708984
2023-06-16,182.5314178466797,134.48031616210938,335.1415100097656,42.65864562988281
2023-06-20,182.62026977539062,133.79505920410156,330.951416015625,43.77378463745117
2023-06-21,181.58384704589844,133.59796142578125,326.5556945800781,43.01137924194336
2023-06-22,184.58453369140625,131.02587890625,332.5765380859375,42.991397857666016
2023-06-23,184.26869201660156,130.34060668945312,327.985107421875,42.17603302001953
2023-06-26,182.87692260742188,130.65975952148438,321.6998596191406,40.60026550292969
2023-06-27,185.63087463378906,130.66912841796875,327.5444641113281,41.84328842163086
2023-06-28,186.80548095703125,130.09654235839844,328.7976379394531,41.084877014160156
2023-06-29,187.14111328125,134.63990783691406,328.01446533203125,40.79011535644531
2023-06-30,191.46453857421875,136.52674865722656,333.3891296386719,42.268959045410156
2023-07-03,189.97401428222656,137.62501525878906,330.8926696777344,42.379859924316406
2023-07-05,188.858642578125,136.70823669433594,331.0492858886719,42.2839469909668
2023-07-06,189.33242797851562,135.3566436767578,334.10382080078125,42.07011795043945
2023-07-07,188.21701049804688,136.4246368408203,330.13885498046875,42.46979522705078
2023-07-10,186.17376708984375,137.1902618408203,324.86199951171875,42.14705276489258
2023-07-11,185.65060424804688,139.3357696533203,325.48858642578125,42.37187194824219
2023-07-12,187.3187713623047,140.02572631835938,330.1192321777344,43.867706298828125
2023-07-13,188.07882690429688,140.7062225341797,335.4646301269531,45.94109344482422
2023-07-14,188.22689819335938,141.556884765625,337.99041748046875,45.43348693847656
2023-07-17,191.48428344726562,144.96896362304688,338.4701232910156,46.424713134765625
2023-07-18,191.22763061523438,145.2335662841797,351.9411926269531,47.45690155029297
2023-07-19,192.57992553710938,145.7912139892578,347.6238098144531,47.04022979736328
2023-07-20,190.63540649414062,147.58705139160156,339.586181640625,45.484439849853516
2023-07-21,189.46078491210938,146.4528350830078,336.5513000488281,44.274383544921875
2023-07-24,190.26025390625,149.33558654785156,337.8631286621094,44.5771484375
2023-07-25,191.11904907226562,148.2202911376953,343.60992431640625,45.6433219909668
2023-07-26,191.98768615722656,149.1087188720703,330.67724609375,45.41649627685547
2023-07-27,190.7241973876953,147.4641571044922,323.77532958984375,45.86415481567383
2023-07-28,193.30050659179688,148.30531311035156,331.2646789550781,46.71348571777344
2023-07-31,193.91249084472656,149.2977752685547,328.8662109375,46.69249725341797
2023-08-01,193.08334350585938,148.560546875,329.2773132324219,46.47067642211914
2023-08-02,190.09246826171875,146.87815856933594,320.6229248046875,44.23442077636719
2023-08-03,188.70069885253906,147.7760772705078,319.8005676269531,44.48023223876953
2023-08-04,179.6392822265625,147.4641571044922,320.8970947265625,44.64509963989258
2023-08-07,176.53982543945312,148.16357421875,323.17816162109375,45.381534576416016
2023-08-08,177.47755432128906,147.3318634033203,319.2033996582031,44.62911605834961
2023-08-09,175.88836669921875,145.35643005371094,315.4636535644531,42.52075958251953
2023-08-10,175.6712188720703,145.13906860351562,316.1488952636719,42.354896545410156
2023-08-11,175.73048400878906,145.98025512695312,314.2692565917969,40.823089599609375
2023-08-14,177.3811492919922,146.28271484375,317.2356262207031,43.71881866455078
2023-08-15,175.3944549560547,142.55874633789062,315.1014099121094,43.905677795410156
2023-08-16,174.52462768554688,141.953857421875,314.3361511230469,43.452030181884766
2023-08-17,171.9844207763672,140.4794464111328,310.8827819824219,43.310142517089844
2023-08-18,172.46875,140.80078125,310.4903869628906,43.26517868041992
2023-08-21,173.8031005859375,141.28280639648438,315.7881774902344,46.93031311035156
2023-08-22,175.177001953125,138.352783203125,316.3571472167969,45.63232421875
2023-08-23,179.0219268798828,139.28848266601562,320.8113098144531,47.07920837402344
2023-08-24,174.3368682861328,139.15618896484375,313.914306640625,47.12615966796875
2023-08-25,176.54100036621094,138.98606872558594,316.8673095703125,45.9820556640625
2023-08-28,178.1027069091797,139.4680938720703,317.57373046875,46.79841995239258
2023-08-29,181.9871826171875,140.6022491455078,322.194580078125,48.74589538574219
2023-08-30,185.4762725830078,140.03518676757812,322.5673522949219,49.225521087646484
2023-08-31,185.6937255859375,138.3055419921875,321.556884765625,49.31645202636719
2023-09-01,187.26535034179688,138.76869201660156,322.4397888183594,48.471107482910156
2023-09-05,187.5025177001953,137.23748779296875,327.2373046875,48.51008224487305
2023-09-06,180.79119873046875,137.0106964111328,326.58001708984375,47.02811813354492
2023-09-07,175.503173828125,135.83868408203125,323.66619873046875,46.20869445800781
2023-09-08,176.11598205566406,135.94264221191406,327.9436340332031,45.540157318115234
2023-09-11,177.2823486328125,136.53810119628906,331.5441589355469,45.146427154541016
2023-09-12,174.2577667236328,138.31500244140625,325.4909362792969,44.838645935058594
2023-09-13,172.1919708251953,138.3811798095703,329.69976806640625,45.453216552734375
2023-09-14,173.7042694091797,141.0654296875,332.289794921875,45.54914855957031
2023-09-15,172.98268127441406,140.6495361328125,323.9703063964844,43.86932373046875
2023-09-18,175.90843200683594,140.94253540039062,322.8322448730469,43.93527603149414
2023-09-19,176.99566650390625,140.762939453125,322.4300537109375,43.489585876464844
2023-09-20,173.45716857910156,140.16751098632812,314.69915771484375,42.2094841003418
2023-09-21,171.9152069091797,139.0711212158203,313.4826354980469,40.988338470458984
2023-09-22,172.76524353027344,137.7384490966797,311.0103454589844,41.58091735839844
2023-09-25,174.04029846191406,138.41897583007812,311.5303039550781,42.1924934387207
2023-09-26,169.96804809570312,136.98231506347656,306.2325439453125,41.881710052490234
2023-09-27,168.4557647705078,137.78567504882812,306.87017822265625,42.43832778930664
2023-09-28,168.71273803710938,139.49642944335938,307.7041015625,43.058895111083984
2023-09-29,169.2267303466797,137.0673828125,309.774169921875,43.46860885620117
2023-10-02,171.73728942871094,135.8859405517578,315.7095947265625,44.75070571899414
2023-10-03,170.40293884277344,134.88406372070312,307.4588623046875,43.4865837097168
2023-10-04,171.6483612060547,135.4889678955078,312.9234313964844,44.01022720336914
2023-10-05,172.8838653564453,136.06024169921875,313.3157958984375,44.656768798828125
2023-10-06,175.43397521972656,138.1549530029297,321.06634521484375,45.73002243041992
2023-10-09,176.91659545898438,137.84072875976562,323.57781982421875,45.241363525390625
2023-10-10,176.3235626220703,138.6786346435547,322.1749572753906,45.76599884033203
2023-10-11,177.71722412109375,139.1546630859375,326.1286926269531,46.773292541503906
2023-10-12,178.61668395996094,138.83096313476562,324.89251708984375,46.91219711303711
2023-10-13,176.77822875976562,140.9161376953125,321.5274658203125,45.429237365722656
2023-10-16,176.6497039794922,140.7733154296875,326.3445129394531,46.06278991699219
2023-10-17,175.09788513183594,140.4686279296875,325.7755126953125,43.90729904174805
2023-10-18,173.8031005859375,138.92617797851562,323.8623962402344,42.16651153564453
2023-10-19,173.42750549316406,138.33584594726562,325.0495300292969,42.07158660888672
2023-10-20,170.8773651123047,136.1078338623047,320.4875183105469,41.35807418823242
2023-10-23,170.99598693847656,134.2511749267578,323.0873718261719,42.94497299194336
2023-10-24,171.43087768554688,134.41305541992188,324.2744445800781,43.63248825073242
2023-10-25,169.11801147460938,133.67987060546875,334.2225646972656,41.74980163574219
2023-10-26,164.95675659179688,134.0226593017578,321.6844177246094,40.297821044921875
2023-10-27,166.2713623046875,129.1953582763672,323.568115234375,40.47169876098633
2023-10-30,168.3173828125,130.842529296875,330.92608642578125,41.132240295410156
2023-10-31,168.7918243408203,132.40403747558594,331.7109680175781,40.75149917602539
2023-11-01,171.9547576904297,132.28977966308594,339.5203552246094,42.295433044433594
2023-11-02,175.5130615234375,134.65106201171875,341.7276916503906,43.47560119628906
2023-11-03,174.60369873046875,136.1554412841797,346.1229553222656,44.97355651855469
2023-11-06,177.15383911132812,137.1837615966797,349.7823791503906,45.719032287597656
2023-11-07,179.71380615234375,137.11712646484375,353.7066345214844,45.92289352416992
2023-11-08,180.7714080810547,137.79312133789062,356.3261413574219,46.54146194458008
2023-11-09,180.29701232910156,137.38372802734375,353.8636779785156,46.91719436645508
2023-11-10,184.4834747314453,139.42127990722656,362.6737060546875,48.30122375488281
2023-11-13,182.8999481201172,138.80238342285156,359.74029541015625,48.586029052734375
2023-11-14,185.51278686523438,141.33506774902344,363.2623291015625,49.62130355834961
2023-11-15,186.07691955566406,142.5728759765625,363.4098205566406,48.853843688964844
2023-11-16,187.75946044921875,144.2010040283203,369.7997131347656,49.44542694091797
2023-11-17,187.73965454101562,145.5054473876953,363.58673095703125,49.26355743408203
2023-11-20,189.4815673828125,145.95294189453125,371.04815673828125,50.373779296875
2023-11-21,188.67990112304688,145.6482391357422,366.7521667480469,49.90910339355469
2023-11-22,189.34300231933594,145.99102783203125,371.4512634277344,48.68196105957031
2023-11-24,188.0167694091797,146.19097900390625,371.03839111328125,47.742618560791016
2023-11-27,187.838623046875,145.8577423095703,372.1983947753906,48.20829772949219
2023-11-28,188.44235229492188,146.19097900390625,376.2191162109375,47.78758239746094
2023-11-29,187.42295837402344,146.9336395263672,372.4342956542969,48.10636520385742
2023-11-30,187.99700927734375,148.60940551757812,372.4933166503906,46.73731994628906
2023-12-01,189.27374267578125,149.3330078125,368.1678161621094,46.732322692871094
2023-12-04,187.48231506347656,150.427978515625,362.8887939453125,45.47819137573242
2023-12-05,191.4313201904297,150.40892028808594,366.21148681640625,46.53755569458008
2023-12-06,190.34263610839844,148.82839965820312,362.55450439453125,45.47520446777344
2023-12-07,192.2725830078125,149.285400390625,364.6681213378906,46.567527770996094
2023-12-08,193.6977996826172,150.93263244628906,367.8925476074219,47.47697830200195
2023-12-11,191.19375610351562,151.48484802246094,365.0121154785156,46.59851837158203
2023-12-12,192.7080535888672,152.83688354492188,368.0400085449219,47.627891540527344
2023-12-13,195.9246368408203,153.35101318359375,368.0302429199219,48.058624267578125
2023-12-14,196.07310485839844,156.14080810546875,359.7331237792969,48.32046127319336
2023-12-15,195.53866577148438,157.32144165039062,364.4518127441406,48.86013412475586
2023-12-18,193.8759002685547,158.27357482910156,366.3393249511719,50.046409606933594
2023-12-19,194.91513061523438,160.38731384277344,366.93902587890625,49.573692321777344
2023-12-20,192.8268280029297,158.57830810546875,364.3437194824219,48.081607818603516
2023-12-21,192.67835998535156,159.4827880859375,367.2142333984375,48.96007537841797
2023-12-22,191.6094512939453,159.3875732421875,368.2366027832031,48.800167083740234
2023-12-26,191.0651397705078,160.3302001953125,368.31524658203125,49.24889373779297
2023-12-27,191.16409301757812,161.29183959960938,367.73529052734375,49.38680648803711
2023-12-28,191.5896759033203,162.14877319335938,368.9248046875,49.49174880981445
2023-12-29,190.55044555664062,161.95834350585938,369.6719055175781,49.49174880981445
2024-01-02,183.7313232421875,163.84356689453125,364.58941650390625,48.138572692871094
2024-01-03,182.3555908203125,163.1294708251953,364.3240661621094,47.539939880371094
2024-01-04,180.03965759277344,164.21202087402344,361.7090759277344,47.96868133544922
2024-01-05,179.31716918945312,165.03591918945312,361.52227783203125,49.0670051574707
2024-01-08,183.6521453857422,164.7964324951172,368.3447265625,52.22107696533203
2024-01-09,183.23646545410156,163.4935302734375,369.4261474609375,53.10753631591797
2024-01-10,184.27566528320312,163.83839416503906,376.2879333496094,54.316795349121094
2024-01-11,183.6818084716797,163.1486358642578,378.116455078125,54.78850555419922
2024-01-12,184.00845336914062,161.95114135742188,381.89141845703125,54.676578521728516
2024-01-16,181.74197387695312,160.93563842773438,383.6609191894531,56.347557067871094
2024-01-17,180.80172729492188,160.0734405517578,382.87445068359375,56.01875686645508
2024-01-18,186.69056701660156,160.3895721435547,387.1999816894531,57.07211685180664
2024-01-19,189.59043884277344,163.158203125,391.9186706542969,59.45465087890625
2024-01-22,191.89645385742188,162.9665985107422,389.7952575683594,59.61756134033203
2024-01-23,193.17323303222656,161.89364624023438,392.1447448730469,59.836429595947266
2024-01-24,192.5001983642578,163.34022521972656,395.7428283691406,61.32450866699219
2024-01-25,192.17359924316406,165.67779541015625,398.013671875,61.5793571472168
2024-01-26,190.44158935546875,165.04550170898438,397.089599609375,60.99371337890625
2024-01-29,189.75869750976562,165.47657775878906,402.7815246582031,62.426841735839844
2024-01-30,186.10662841796875,168.8679656982422,401.670654296875,62.73564529418945
2024-01-31,182.50405883789062,167.0381317138672,390.84710693359375,61.48941421508789
2024-02-01,184.9387664794922,166.43458557128906,396.942138671875,62.98849868774414
2024-02-02,183.9391632080078,167.39260864257812,404.25616455078125,66.11958312988281
2024-02-05,185.75033569335938,167.17225646972656,398.7804870605469,69.2896499633789
2024-02-06,187.35366821289062,167.74705505371094,398.6231689453125,68.18132019042969
2024-02-07,187.46253967285156,168.06320190429688,407.03826904296875,70.0561752319336
2024-02-08,186.3837432861328,167.45968627929688,407.09722900390625,69.59844970703125
2024-02-09,187.14682006835938,167.66085815429688,413.42816162109375,72.08893585205078
2024-02-12,185.46214294433594,168.40809631347656,408.2277526855469,72.20387268066406
2024-02-13,183.37115478515625,166.94235229492188,399.43914794921875,72.08394622802734
2024-02-14,182.4891815185547,168.6380157470703,403.2998352050781,73.85487365722656
2024-02-15,182.20181274414062,172.31675720214844,400.4141845703125,72.61361694335938
2024-02-16,180.665771484375,171.5120391845703,397.9519348144531,72.56863403320312
2024-02-20,179.92254638671875,172.18263244628906,396.7012023925781,69.40957641601562
2024-02-21,180.67568969726562,173.30352783203125,396.1003723144531,67.43077850341797
2024-02-22,182.7072296142578,175.38238525390625,405.42718505859375,78.49002838134766
2024-02-23,180.87391662597656,176.26376342773438,404.1370544433594,78.76885223388672
2024-02-26,179.5261688232422,175.66021728515625,401.37933349609375,79.04368591308594
2024-02-27,180.98292541503906,175.7464141845703,401.3203125,78.65291595458984
2024-02-28,179.78379821777344,176.6373748779297,401.556640625,77.61554718017578
2024-02-29,179.11984252929688,178.24681091308594,407.38720703125,79.06367492675781
2024-03-01,178.03968811035156,177.50917053222656,409.21905517578125,82.22872924804688
2024-03-04,173.52081298828125,178.84078979492188,408.6477966308594,85.18492889404297
2024-03-05,168.58575439453125,180.6322784423828,396.563232421875,85.91551208496094
2024-03-06,167.59474182128906,181.5711212158203,396.0117492675781,88.64997100830078
2024-03-07,167.475830078125,179.9808349609375,402.9551696777344,92.61672973632812
2024-03-08,169.190185546875,180.316162109375,400.0793151855469,87.4786376953125
2024-03-11,171.1920166015625,180.3831787109375,398.40496826171875,85.72563171386719
2024-03-12,171.66766357421875,181.8680877685547,409.0022888183594,91.86117553710938
2024-03-13,169.58660888671875,183.34344482421875,408.8250732421875,90.83673095703125
2024-03-14,171.43975830078125,180.07662963867188,418.7921142578125,87.89439392089844
2024-03-15,171.0631866455078,182.30880737304688,410.1251525878906,87.78746032714844
2024-03-18,172.15325927734375,184.56968688964844,411.0115051269531,88.40510559082031
2024-03-19,174.49195861816406,185.6522216796875,415.0396728515625,89.34758758544922
2024-03-20,177.05862426757812,188.08555603027344,418.80194091796875,90.32102966308594
2024-03-21,169.824462890625,190.70091247558594,422.8793640136719,91.38341522216797
2024-03-22,170.72625732421875,188.36338806152344,422.2588806152344,94.23580932617188
2024-03-25,169.30914306640625,186.6389923095703,416.4677429199219,94.94841766357422
2024-03-26,168.17942810058594,187.51075744628906,415.2760009765625,92.5087890625
2024-03-27,171.74696350097656,191.14161682128906,415.05938720703125,90.19910430908203
2024-03-28,169.93345642089844,191.88885498046875,414.360107421875,90.30503845214844
2024-04-01,168.49652099609375,190.58596801757812,418.1518859863281,90.31202697753906
2024-04-02,167.31727600097656,190.50933837890625,415.0692443847656,89.40154266357422
2024-04-03,168.1199493408203,189.97283935546875,414.09417724609375,88.91383361816406
2024-04-04,167.29747009277344,188.52743530273438,411.5630187988281,85.85653686523438
2024-04-05,168.05059814453125,190.2618865966797,419.0875244140625,87.95836639404297
2024-04-08,166.9307861328125,191.25439453125,418.1716003417969,87.08384704589844
2024-04-09,168.1397705078125,189.97283935546875,419.8360595703125,85.30584716796875
2024-04-10,166.26681518554688,188.35398864746094,416.8617248535156,86.98990631103516
2024-04-11,173.46133422851562,188.31544494628906,421.4610900878906,90.56488800048828
2024-04-12,174.95774841308594,176.13558959960938,415.5222473144531,88.1362533569336
2024-04-15,171.13255310058594,176.2319793701172,407.38720703125,85.95249938964844
2024-04-16,167.85238647460938,174.21804809570312,408.3129577636719,87.3656997680664
2024-04-17,166.48486328125,173.52427673339844,405.6143493652344,83.98760223388672
2024-04-18,165.5334930419922,174.65167236328125,398.15875244140625,84.62323760986328
2024-04-19,163.51190185546875,179.03602600097656,393.0866394042969,76.15702056884766
2024-04-22,164.34432983398438,182.51461791992188,394.8988342285156,79.47315216064453
2024-04-23,165.39476013183594,185.14523315429688,401.408935546875,82.37651062011719
2024-04-24,167.49566650390625,186.05101013183594,402.8763427734375,79.6320571899414
2024-04-25,168.35781860351562,186.33042907714844,393.0078125,82.58539581298828
2024-04-26,167.77313232421875,186.4460906982422,400.1778259277344,87.68553161621094
2024-04-29,171.93521118164062,186.2436981201172,396.1693115234375,87.70751190185547
2024-04-30,168.79383850097656,184.75978088378906,383.4446105957031,86.353271484375
2024-05-01,167.77313232421875,184.8754119873047,388.9698486328125,82.99414825439453
2024-05-02,171.46949768066406,184.68270874023438,391.8259582519531,85.76859283447266
2024-05-03,181.7261199951172,183.5745391845703,400.51263427734375,88.7389144897461
2024-05-06,180.07122802734375,185.01031494140625,407.2886047363281,92.08802795410156
2024-05-07,180.75497436523438,184.76942443847656,403.152099609375,90.5029296875
2024-05-08,181.09190368652344,188.52743530273438,404.333984375,90.36101531982422
2024-05-09,182.90542602539062,190.3101043701172,406.0870666503906,88.69695281982422
2024-05-10,181.6451416015625,191.53382873535156,408.47052001953125,89.82730102539062
2024-05-13,184.85035705566406,191.4953155517578,407.4659423828125,90.34803009033203
2024-05-14,185.9915313720703,194.1741180419922,410.26300048828125,91.30448150634766
2024-05-15,188.2639923095703,194.75225830078125,417.4360046386719,94.57662963867188
2024-05-16,188.38304138183594,195.09915161132812,415.3739013671875,94.30577850341797
2024-05-17,188.41281127929688,197.33470153808594,414.6042785644531,92.42684173583984
2024-05-20,189.57382202148438,188.4600067138672,419.6658630371094,94.72655487060547
2024-05-21,190.873779296875,192.25657653808594,423.3165283203125,95.33219909667969
2024-05-22,189.4348907470703,191.09059143066406,424.7767333984375,94.89643096923828
2024-05-23,185.4457550048828,189.75120544433594,421.3037414550781,103.74046325683594
2024-05-24,188.52195739746094,193.40322875976562,424.4215393066406,106.40894317626953
2024-05-28,188.53189086914062,192.23728942871094,424.5794677734375,113.83675384521484
2024-05-29,188.82960510253906,190.89788818359375,423.4447937011719,114.7602310180664
2024-05-30,189.82191467285156,192.07347106933594,409.1382141113281,110.43768310546875
2024-05-31,190.77455139160156,195.25335693359375,409.5920715332031,109.5711669921875
2024-06-03,192.54087829589844,194.47283935546875,408.0035400390625,114.93512725830078
2024-06-04,192.8584442138672,191.90966796875,410.51953125,116.37133026123047
2024-06-05,194.3667755126953,190.07882690429688,418.3536376953125,122.3709487915039
2024-06-06,192.9874267578125,189.74156188964844,418.8567810058594,120.92975616455078
2024-06-07,195.3789520263672,192.6708984375,418.1957702636719,120.81981658935547
2024-06-10,191.6378631591797,192.34327697753906,422.162109375,121.7213134765625
2024-06-11,205.56016540527344,187.28440856933594,426.907958984375,120.85173797607422
2024-06-12,211.43478393554688,184.5574188232422,435.1761779785156,125.13966369628906
2024-06-13,212.59579467773438,186.60989379882812,435.689208984375,129.5475311279297
2024-06-14,210.8592071533203,186.72552490234375,436.666015625,131.81643676757812
2024-06-17,215.00714111328125,187.88185119628906,442.38861083984375,130.9168701171875
2024-06-18,212.6453857421875,189.8282928466797,440.3857421875,135.51466369628906
2024-06-20,208.0707550048828,191.43748474121094,439.7542724609375,130.7169647216797
2024-06-21,205.89759826660156,189.15380859375,443.77984619140625,126.50900268554688
2024-06-24,206.5426025390625,191.63987731933594,441.6980285644531,118.05307006835938
2024-06-25,207.46548461914062,190.85934448242188,444.9342346191406,126.02923583984375
2024-06-26,211.61337280273438,190.2426300048828,446.1280517578125,126.33908081054688
2024-06-27,212.45687866210938,191.9193115234375,446.80889892578125,123.93025207519531
2024-06-28,209.00355529785156,194.89682006835938,440.98760986328125,123.48046112060547
2024-07-01,215.0865020751953,197.97067260742188,450.6371154785156,124.24009704589844
2024-07-02,218.57949829101562,201.22764587402344,453.153076171875,122.61088562011719
2024-07-03,219.84970092773438,201.0927276611328,454.6231994628906,128.21817016601562
2024-07-05,224.60293579101562,198.4281463623047,461.3226318359375,125.76936340332031
2024-07-08,226.0715789794922,198.79635620117188,460.0202331542969,128.13819885253906
2024-07-09,226.92495727539062,201.17994689941406,453.4096374511719,131.3166961669922
2024-07-10,231.19198608398438,201.3446502685547,460.0301513671875,134.84500122070312
2024-07-11,225.82351684570312,201.00552368164062,448.6341857910156,127.33860778808594
2024-07-12,228.7706756591797,198.57350158691406,447.49951171875,129.177734375
2024-07-15,232.60105895996094,203.52476501464844,447.904052734375,128.3780975341797
2024-07-16,233.01783752441406,206.9838409423828,443.5233154296875,126.29910278320312
2024-07-17,227.12342834472656,210.1328887939453,437.60333251953125,117.93312072753906
2024-07-18,222.45948791503906,203.45692443847656,434.4953308105469,121.0316390991211
2024-07-19,222.58848571777344,203.26315307617188,431.27880859375,117.8731689453125
2024-07-22,222.2412109375,203.74761962890625,437.0310974121094,123.48046112060547
2024-07-23,223.2831268310547,203.7960662841797,438.9156188964844,122.53092193603516
2024-07-24,216.86276245117188,202.110107421875,423.1783752441406,114.19493865966797
2024-07-25,215.8208465576172,202.1876220703125,412.8184814453125,112.22588348388672
2024-07-26,216.28724670410156,205.64671325683594,419.5968017578125,113.0055160522461
2024-07-29,216.5651092529297,204.29991149902344,421.0373229980469,111.53620910644531
2024-07-30,217.12078857421875,208.5050811767578,417.2781677246094,103.68000793457031
2024-07-31,220.37562561035156,206.1893310546875,412.76910400390625,116.96359252929688
2024-08-01,216.6841583251953,201.4996795654297,411.545654296875,109.15736389160156
2024-08-02,218.1726531982422,192.95367431640625,403.0406494140625,107.21829986572266
2024-08-05,207.66392517089844,188.8453826904297,389.8785705566406,100.4015884399414
2024-08-06,205.63958740234375,194.1164093017578,394.27911376953125,104.19976043701172
2024-08-07,208.20968627929688,194.17454528808594,393.1148376464844,98.86233520507812
2024-08-08,211.6729278564453,197.7208251953125,397.3180236816406,104.91940307617188
2024-08-09,214.5804443359375,199.40676879882812,400.6035461425781,104.69952392578125
2024-08-12,216.11038208007812,199.78466796875,401.3830871582031,108.96745300292969
2024-08-13,219.82598876953125,201.48028564453125,408.4870300292969,116.08403015136719
2024-08-14,220.27304077148438,203.7088623046875,411.2989807128906,118.0230941772461
2024-08-15,223.2534637451172,204.9781494140625,416.1621398925781,122.80079650878906
2024-08-16,224.5747833251953,207.32298278808594,413.6317138671875,124.51995849609375
2024-08-19,224.4158477783203,208.7570037841797,416.6563415527344,129.93736267089844
2024-08-20,225.03176879882812,207.8558807373047,419.88848876953125,127.18868255615234
2024-08-21,224.92250061035156,207.93341064453125,419.2361755371094,128.4380645751953
2024-08-22,223.06471252441406,209.90036010742188,410.7454833984375,123.68035888671875
2024-08-23,225.35960388183594,211.52816772460938,411.97113037109375,129.30764770507812
2024-08-26,225.69741821289062,212.36143493652344,408.7092590332031,126.39905548095703
2024-08-27,226.54185485839844,213.3400421142578,409.05517578125,128.23817443847656
2024-08-28,225.0119171142578,214.41555786132812,405.85272216796875,125.54946899414062
2024-08-29,228.29039001464844,215.3070068359375,408.3435363769531,117.5333251953125
2024-08-30,227.50555419921875,217.81655883789062,412.3171081542969,119.3124771118164
2024-09-03,221.31619262695312,213.4563446044922,404.7060852050781,107.94795227050781
2024-09-04,219.40875244140625,212.5164794921875,404.1723327636719,106.1588134765625
2024-09-05,220.92874145507812,210.86927795410156,403.6682434082031,107.15833282470703
2024-09-06,219.37893676757812,205.8599090576172,397.05560302734375,102.78044128417969
2024-09-09,219.4683380126953,210.07473754882812,401.02911376953125,106.41868591308594
2024-09-10,218.67356872558594,199.1742401123047,409.4111022949219,108.04788970947266
2024-09-11,221.20692443847656,200.79234313964844,418.1488342285156,116.85365295410156
2024-09-12,221.31619262695312,200.18194580078125,422.0630798339844,119.0927734375
2024-09-13,221.04795837402344,197.9727783203125,425.611572265625,119.05278015136719
2024-09-16,214.9082794189453,201.4027862548828,426.3528747558594,116.73370361328125
2024-09-17,215.37521362304688,202.74960327148438,430.1188659667969,115.54417419433594
2024-09-18,219.24977111816406,201.08306884765625,425.8290710449219,113.32505798339844
2024-09-19,227.3763885498047,203.94140625,433.617919921875,117.82327270507812
2024-09-20,226.71075439453125,204.53245544433594,430.23748779296875,115.95401000976562
2024-09-23,224.9920654296875,204.87158203125,428.49786376953125,116.21391296386719
2024-09-24,225.88616943359375,205.01690673828125,424.2080383300781,120.82208251953125
2024-09-25,224.89268493652344,203.660400390625,427.114013671875,123.46104431152344
2024-09-26,226.0352020263672,203.26315307617188,426.3232421875,123.9908218383789
2024-09-27,226.3034210205078,203.96078491210938,423.0712585449219,121.35187530517578
2024-09-30,231.47943115234375,204.30958557128906,425.32489013671875,121.3918685913086
2024-10-01,224.73374938964844,200.60826110839844,415.8260498046875,116.95360565185547
2024-10-02,225.30003356933594,200.85049438476562,412.3071594238281,118.80288696289062
2024-10-03,224.19725036621094,198.85447692871094,411.72406005859375,122.80130767822266
2024-10-04,225.3199005126953,205.91256713867188,411.24957275390625,124.8704833984375
2024-10-07,220.2432403564453,205.6298370361328,404.8049621582031,127.66937255859375
2024-10-08,224.29660034179688,205.45436096191406,409.9151916503906,132.83731079101562
2024-10-09,228.04200744628906,208.05726623535156,412.6333923339844,132.597412109375
2024-10-10,227.54527282714844,207.4918670654297,411.0321044921875,134.75656127929688
2024-10-11,226.0649871826172,216.70440673828125,411.5065612792969,134.74656677246094
2024-10-14,229.79054260253906,215.9147491455078,414.2939758300781,138.01527404785156
2024-10-15,232.32388305664062,216.80189514160156,413.8985595703125,131.54783630371094
2024-10-16,230.2673797607422,218.02049255371094,411.308837890625,135.66619873046875
2024-10-17,230.63497924804688,218.78086853027344,411.9019470214844,136.87571716308594
2024-10-18,233.4663848876953,219.7069854736328,413.3253173828125,137.94529724121094
2024-10-21,234.9367218017578,217.3965606689453,413.9381408691406,143.6530303955078
2024-10-22,234.32077026367188,218.4884033203125,422.56719970703125,143.5330810546875
2024-10-23,229.2540283203125,217.79627990722656,419.69085693359375,139.50466918945312
2024-10-24,229.06529235839844,219.32681274414062,419.8193359375,140.35433959960938
2024-10-25,229.89981079101562,216.72389221191406,423.19976806640625,141.48388671875
2024-10-28,231.8768310546875,219.833740234375,421.6578674316406,140.46429443359375
2024-10-29,232.1450653076172,217.29905700683594,426.9558410644531,141.19400024414062
2024-10-30,228.59837341308594,218.77113342285156,427.5291442871094,139.28475952148438
2024-10-31,224.43569946289062,216.3437042236328,401.6518859863281,132.70736694335938
2024-11-01,221.4552764892578,217.33807373046875,405.6253662109375,135.34632873535156
2024-11-04,220.56114196777344,214.25747680664062,403.7374572753906,135.99606323242188
2024-11-05,221.9917449951172,215.9244842529297,406.7027587890625,139.8545379638672
2024-11-06,221.26651000976562,240.85198974609375,415.3218688964844,145.55227661132812
2024-11-07,225.99545288085938,230.4403533935547,420.51123046875,148.8209991455078
2024-11-08,225.7269287109375,231.0252685546875,417.6546630859375,147.57147216796875
2024-11-11,223.01174926757812,233.2772216796875,413.1770324707031,145.20240783691406
2024-11-12,223.01174926757812,233.5404510498047,418.1390075683594,148.23118591308594
2024-11-13,223.89691162109375,235.10023498535156,420.28387451171875,146.21200561523438
2024-11-14,226.9800567626953,235.79238891601562,421.9543762207031,146.70181274414062
2024-11-15,223.77755737304688,239.14596557617188,410.20184326171875,141.92369079589844
2024-11-18,226.78115844726562,238.87298583984375,410.95306396484375,140.0944366455078
2024-11-19,227.03973388671875,236.98171997070312,412.9595642089844,146.95172119140625
2024-11-20,227.75584411621094,234.72979736328125,410.6861572265625,145.83216857910156
2024-11-21,227.27845764160156,238.6097869873047,408.913330078125,146.6118621826172
2024-11-22,228.62110900878906,242.30455017089844,413.00372314453125,141.89373779296875
2024-11-25,231.60479736328125,244.00083923339844,414.7765808105469,135.96607971191406
2024-11-26,233.7829132080078,243.68887329101562,423.888427734375,136.86572265625
2024-11-27,233.6536102294922,243.51336669921875,418.9363098144531,135.28634643554688
2024-11-29,236.0405731201172,243.44515991210938,419.4018249511719,138.19520568847656
2024-12-02,238.2882843017578,240.06236267089844,426.8497619628906,138.57504272460938
2024-12-03,241.3316650390625,238.66830444335938,427.0676574707031,140.20440673828125
2024-12-04,241.68972778320312,237.28395080566406,433.2280578613281,145.0824737548828
2024-12-05,241.71954345703125,239.31170654296875,438.3782043457031,145.01248168945312
2024-12-06,241.5206298828125,241.14447021484375,439.3191223144531,142.3933563232422
2024-12-09,245.40940856933594,237.68365478515625,441.74560546875,138.76454162597656
2024-12-10,246.42385864257812,236.7575225830078,439.0813903808594,135.0257568359375
2024-12-11,245.15081787109375,237.4106903076172,444.6871643066406,139.26437377929688
2024-12-12,246.6128387451172,235.4609375,445.2516784667969,137.29501342773438
2024-12-13,246.7819061279297,233.910888671875,442.983642578125,134.20602416992188
2024-12-16,249.6761016845703,233.5599365234375,447.2622985839844,131.95675659179688
2024-12-17,252.1028289794922,232.37059020996094,450.104736328125,130.3472900390625
2024-12-18,246.70233154296875,224.5813751220703,433.1983337402344,128.86778259277344
2024-12-19,248.43287658691406,227.10630798339844,432.8417663574219,130.63717651367188
2024-12-20,253.10736083984375,231.62969970703125,432.41595458984375,134.65586853027344
2024-12-23,253.88311767578125,232.3998565673828,431.0788269042969,139.62425231933594
2024-12-24,256.7972106933594,236.2213592529297,435.1197204589844,140.17408752441406
2024-12-26,257.6127014160156,237.03050231933594,433.91143798828125,139.88417053222656
2024-12-27,254.2013702392578,235.1099853515625,426.4040832519531,136.96511840820312
2024-12-30,250.82977294921875,233.30650329589844,420.7586975097656,137.4449462890625
2024-12-31,249.05946350097656,233.68667602539062,417.46063232421875,134.2460174560547
2025-01-02,242.52516174316406,233.96939086914062,414.568603515625,138.2646942138672
2025-01-03,242.03781127929688,237.16696166992188,419.29290771484375,144.4226837158203
2025-01-06,243.66893005371094,236.0106964111328,423.7497253417969,149.3810577392578
2025-01-07,240.89407348632812,238.2840576171875,418.3222961425781,140.09410095214844
2025-01-08,241.38140869140625,238.244873046875,420.4913330078125,140.06410217285156
2025-01-10,235.56320190429688,235.05035400390625,414.93505859375,135.86549377441406
2025-01-13,233.12648010253906,239.30316162109375,413.19195556640625,133.1863555908203
2025-01-14,232.0125732421875,242.4976806640625,411.6864929199219,131.71682739257812
2025-01-15,236.57762145996094,247.2796173095703,422.2245178222656,136.1953887939453
2025-01-16,227.0198516845703,249.1610565185547,420.5110778808594,133.5262451171875
2025-01-17,228.7305145263672,253.95277404785156,424.91845703125,137.66490173339844
2025-01-21,221.43038940429688,257.7450256347656,424.3935241699219,140.7838592529297
2025-01-22,222.61392211914062,257.558837890625,441.92388916015625,147.0218505859375
2025-01-23,222.44485473632812,260.60638427734375,442.42901611328125,147.17178344726562
2025-01-24,221.56964111328125,259.5186462402344,439.80438232421875,142.5732879638672
2025-01-27,228.61117553710938,260.5083923339844,430.39544677734375,118.38121032714844
2025-01-28,236.9655303955078,261.7724609375,442.91436767578125,128.94773864746094
2025-01-29,238.05953979492188,261.22369384765625,438.0910339355469,123.65948486328125
2025-01-30,236.2991485595703,262.8405456542969,411.0129699707031,124.60918426513672
2025-01-31,234.71780395507812,261.9292297363281,411.08233642578125,120.03067016601562
2025-02-03,226.77120971679688,261.4490661621094,406.98199462890625,116.62178802490234
2025-02-04,231.5352020263672,262.5563659667969,408.4181213378906,118.61112976074219
2025-02-05,231.20700073242188,264.9963073730469,409.3293151855469,124.78910827636719
2025-02-06,231.95291137695312,271.3363342285156,411.8350830078125,128.6378631591797
2025-02-07,226.39329528808594,270.2584228515625,405.8232116699219,129.79745483398438
2025-02-10,226.66209411621094,265.5941162109375,408.2695617675781,133.5262451171875
2025-02-11,231.61053466796875,269.4646911621094,407.4970397949219,132.7565155029297
2025-02-12,235.8420867919922,269.91546630859375,405.1200256347656,131.0970458984375
2025-02-13,240.48187255859375,270.7679748535156,406.60565185546875,135.24566650390625
2025-02-14,243.53854370117188,271.0325927734375,404.515869140625,138.80453491210938
2025-02-18,243.40911865234375,274.3250732421875,405.71429443359375,139.35433959960938
2025-02-19,243.807373046875,273.6391296386719,410.7950744628906,139.18438720703125
2025-02-20,244.76321411132812,261.43927001953125,412.968505859375,140.06410217285156
2025-02-21,244.48443603515625,258.93072509765625,405.1086120605469,134.38595581054688
2025-02-24,246.0277099609375,256.0889587402344,400.9306335449219,130.23733520507812
2025-02-25,245.96795654296875,252.22813415527344,394.8769836425781,126.5885238647461
2025-02-26,239.31695556640625,253.59024047851562,396.693115234375,131.23699951171875
2025-02-27,236.27023315429688,253.84495544433594,389.5477294921875,120.11064910888672
2025-02-28,240.79052734375,259.3324890136719,393.973876953125,124.87908172607422
2025-03-03,236.99705505371094,255.38345336914062,385.5384521484375,114.02263641357422
2025-03-04,234.9061737060547,245.2218017578125,385.65753173828125,115.9520034790039
2025-03-05,234.7169952392578,246.47608947753906,397.9732666015625,117.26158142089844
2025-03-06,234.3087615966797,241.5863494873047,393.8746643066406,110.53378295898438
2025-03-07,238.0325469970703,237.4119415283203,390.3218688964844,112.65309143066406
2025-03-10,226.4928436279297,227.5540771484375,377.2717590332031,106.94496154785156
2025-03-11,219.88165283203125,224.5359649658203,377.5595703125,108.72437286376953
2025-03-12,216.03842163085938,223.3208770751953,380.3581237792969,115.71273803710938
